code,type,title,journal,year,doi,author,keywords,my_keywords,star,unread,added_at,notes
1975_article_some_recent_developments_in_cosmic_rays,article,Some recent developments in cosmic rays,,1975,,,,,,,2026-02-09,
1999_article_measurements_of_ground_level_muons_at_two_geomagnetic_locati,article,Measurements of Ground-Level Muons at Two Geomagnetic Locations,,1999,,,,,1,,2026-02-09,
2000_article_coronal_mass_ejections_and_forbush_decreases,article,Coronal mass ejections and forbush decreases,Space Science Reviews,2000,,Hilary V. Cane,,"cosmic-rays, forbush, scintillators, space-weather",,,2026-01-13,
2000_article_introduccio_n_a_r,article,Introducción a r,,2000,,,,scintillators,1,,2026-01-29,
2000_article_muon_observations,article,Muon observations,Space Science Reviews,2000,,Marc L. Duldig,,"atmospheric, cosmic-rays, detectors, forbush, scintillators, space-weather",,,2026-01-13,
2000_article_a_new_high_resolution_tof_technology,article,A new high-resolution TOF technology,,2000,,,,,,,2026-02-09,
2000_book_escuela_superior_de_ingenieros_industriales,book,Escuela superior de ingenieros industriales,,2000,,,,"medical, scintillators",1,,2026-01-29,
2001_article_an_accurate_measurement_of_the_sea_level_muon_spectrum_withi,article,An Accurate Measurement of the Sea-Level Muon Spectrum Within the Range 4 to 3000 GeV/c,,2001,,,,"cosmic-rays, scintillators",,,2026-01-29,
2001_article_the_day_night_variation_of_cosmic_rays_intensity,article,The day night variation of cosmic rays intensity,N/A,2001,,J. V. Downer Zublin,,cosmic-rays,,,2026-01-13,
2002_article_approximations_to_multiple_coulomb_scattering,article,Approximations to Multiple Coulomb Scattering,,2002,,,,,,,2026-02-09,
2002_article_the_absolute_cosmic_ray_muon_spectrum_at_sea_level,article,The absolute cosmic ray muon spectrum at sea level,,2002,,,,,,,2026-02-09,
2002_book_friedlander_offset,book,Friedlander offset,,2002,,util3,,,,,2026-02-09,
2003_article_measurement_of_the_east_west_asymmetry_of_the_cosmic_muon_fl,article,Measurement of the east-west asymmetry of the cosmic muon flux in hanoi,,2003,10.1016/j.nuclphysb.2003.11.035,,,,,,2026-02-09,
2003_article_measurement_of_the_zenith_angle_distribution_of_the_cosmic_m,article,Measurement of the zenith angle distribution of the cosmic muon flux in hanoi,,2003,10.1016/S0550-3213(03)00337-7,,,,,,2026-02-09,
2004_article_cosmic_ray_muon_observation_at_southern_space_observatory_ss,article,"Cosmic Ray Muon Observation at Southern Space Observatory - SSO (29°S, 53°W)",,2004,,,,"atmospheric, cosmic-rays, detectors, forbush, scintillators, space-weather",,,2026-01-29,
2004_article_properties_and_performance_of_the_prototype_instrument_for_t,article,Properties and performance of the prototype instrument for the pierre auger observatory,,2004,10.1016/j.nima.2003.12.012,,,,,,2026-02-09,
2004_article_forbush_decreases_in_the_cosmic_radiation,article,FORBUSH DECREASES IN THE COSMIC RADIATION,,2004,,,,"atmospheric, cosmic-rays, detectors, forbush, scintillators, space-weather",,,2026-01-29,
2004_article_introductory_nuclear_physics,article,Introductory nuclear physics,,2004,,,,"atmospheric, cosmic-rays, detectors, medical, neutrino, scintillators",,,2026-01-29,
2004_book_introductory_nuclear_physics,book,Introductory nuclear physics,,2004,,,,"atmospheric, cosmic-rays, detectors, medical, neutrino, scintillators",,,2026-01-29,
2005_article_correlated_measurements_of_secondary_cosmic_ray_fluxes_by_th,article,Correlated measurements of secondary cosmic ray fluxes by the aragats space-environmental center monitors,,2005,10.1016/j.nima.2004.12.021,,,,,,2026-02-09,
2005_article_a_large_area_muon_tracking_detector_for_ultra_high_energy_co,article,A large area muon tracking detector for ultra-high energy cosmic ray astrophysics-the GRAPES-3 experiment,,2005,10.1016/j.nima.2005.02.020,,,,,,2026-02-09,
2005_book_circuitos_microelectr_nicos,book,Circuitos microelectrónicos,,2005,,Adel S. Sedra; Kenneth C. Smith,,,,,2026-02-18,
2005_book_physics_of_atoms_and_molecules,book,Physics of atoms and molecules,,2005,,,,,,,2026-02-09,
2006_article_real_time_cosmic_ray_monitoring_system_for_space_weather,article,Real time cosmic ray monitoring system for space weather,Space Weather,2006,10.1029/2005SW000204,T. Kuwabara; J. W. Bieber; J. Clem; P. Evenson; R. Pyle; K. Munakata; S. Yasue; C. Kato; S. Akahane; M. Koyama; Z. Fujii; M. L. Duldig; J. E. Humble; M. R. Silva; N. B. Trivedi; W. D. Gonzalez; N. J. Schuch,,"cosmic-rays, forbush, scintillators, space-weather",,,2026-01-13,
2006_article_the_charge_ratio_of_the_atmospheric_muons_at_low_energy,article,The charge ratio of the atmospheric muons at low energy,,2006,10.1103/PhysRevD.74.082006,,,,,,2026-02-09,
2006_book_optimization_theory_and_methods,book,Optimization theory and methods,,2006,,Wenyu Sun; Ya-Xiang Yuan,,,,,2026-02-18,
2007_article_using_rpc_detectors_as_cosmic_rays_monitor,article,Using RPC Detectors as Cosmic Rays Monitor,,2007,10.1109/TNS.2007.895505,,,"atmospheric, cosmic-rays, detectors, forbush, rpc, scintillators, space-weather",,,2026-01-29,
2007_article_a_study_of_vertical_cutoff_rigidities_using_sixth_degree_sim,article,A Study of Vertical Cutoff Rigidities Using Sixth Degree Simulations of the Geomagnetic Field,,2007,,"M. A. Shea , D. F. Smart , K. G. McCracken",,"atmospheric, cosmic-rays, scintillators, space-weather",,,2026-01-29,
2007_article_investigations_of_a_thgem_based_imaging_detector,article,Investigations of a thgem based imaging detector,N/A,2007,,M. Cortesi; R. Alon; R. Chechik; A. Breskin; D. Vartsky; V. Dangendorf,,"atmospheric, detectors, neutrino, scintillators",,,2026-01-13,
2007_book_cosmic_rays_at_earth,book,Cosmic rays at earth,Elsevier,2007,,Peter K.F. Grieder,,"atmospheric, cosmic-rays, detectors, forbush, neutrino, scintillators, space-weather",,,2026-01-13,
2007_book_sakurai_modern_quantum_mechanics,book,Sakurai modern quantum mechanics,,2007,,alberto,,,,,2026-02-09,
2007_book_statistical_mechanics_algorithms_and_computations_oxford_mas,book,Statistical mechanics: algorithms and computations (oxford master series in physics),,2007,,Werner Krauth,,"atmospheric, detectors, scintillators",,,2026-01-13,
2008_article_first_spaceweather_observations_at_mustang_the_muon_spacewea,article,First Spaceweather Observations at MuSTAnG: The Muon Spaceweather Telescope for Anisotropies at Greifswald,,2008,,,,cosmic-rays,,,2026-02-09,
2008_book_solvingordinarydifferentialequ_1,book,Solvingordinarydifferentialequ 1,,2008,,,,,,,2026-02-18,
2008_book_modern_optics,book,Modern optics,,2008,,,,,,,2026-02-18,
2009_article_ground_based_cosmic_ray_instrumentation_catalog,article,Ground-Based Cosmic-Ray Instrumentation Catalog,,2009,,,,"atmospheric, cosmic-rays, detectors, forbush, scintillators, space-weather",,,2026-01-29,
2009_article_revista_i_encuentro_divulgacion,article,Revista i encuentro divulgacion,,2009,,paloma,,,,,2026-02-09,
2009_article_particle_physics,article,Particle physics,,2009,,B. R. Martin and G. Shaw,,"atmospheric, cosmic-rays, detectors, icecube, neutrino, scintillators",,,2026-01-29,
2009_article_status_performance_and_first_results_of_the_icetop_array,article,"Status, performance, and first results of the icetop array",Nuclear Physics B (Proc. Suppl.),2009,10.1016/j.nuclphysbps.2009.09.028,Todor Stanev; IceCube Collaboration,,"atmospheric, cosmic-rays, detectors, icecube, neutrino, scintillators",,,2026-01-13,
2009_article_zenith_angle_response_of_a_vertical_meson_telescope,article,Zenith angle response of a vertical meson telescope,,2009,,,,"cosmic-rays, detectors, scintillators",,,2026-01-29,
2009_book_solid_state_physics_an_introduction_to_p,book,Solid state physics an introduction to p,,2009,,,,,,,2026-02-18,
2010_article_measurement_of_the_angular_distribution_of_cosmic_ray_muon_f,article,Measurement of the angular distribution of cosmic-ray muon fluence rate,,2010,10.1016/j.nima.2009.12.017,Jeng-Wei Lin; Yen-Fu Chen; Rong-Jiun Sheu; Shiang-Huei Jiang,,,,,2026-02-09,
2010_article_precursors_of_the_forbush_decrease_on_december_14_2006_obser,article,"Precursors of the Forbush Decrease on December 14, 2006 Observed With the Global Muon Detector Network (GMDN)",,2010,,IOP Publishing - Electronic Submissions Department,,"atmospheric, cosmic-rays, detectors, forbush, scintillators, space-weather",,,2026-01-29,
2010_article_commissioning_of_the_atlas_muon_spectrometer_with_cosmic_ray,article,Commissioning of the ATLAS Muon Spectrometer With Cosmic Rays,,2010,10.1140/epjc/s10052-010-1415-2,,,"atmospheric, cosmic-rays, detectors, rpc, scintillators",,,2026-01-29,
2010_article_18_experimental_tests_of_gravitational_theory_225,article,18. Experimental tests of gravitational theory 225,,2010,,,,,,,2026-02-09,
2010_article_particles_and_fields,article,Particles AND fields,,2010,,,,"cosmic-rays, detectors, neutrino, scintillators",,,2026-01-29,
2010_article_simulation_studies_and_implementation_of_linsley_s_eas_time,article,Simulation studies and implementation of linsley's EAS time structure method for the primary cosmic ray spectrum,Nuclear Instruments and Methods in Physics Research A,2010,10.1016/j.nima.2009.12.080,Hiroki Matsumoto; Atsushi Iyono; Isao Yamamoto; Masaki Kohata; Kazuhide Okei; Shuhei Tsuji; Takao Nakatsuka; Nobuaki Ochi,,"atmospheric, cosmic-rays, detectors, scintillators",,,2026-01-13,
2010_book_introduction_to_quantum_mechanics,book,Introduction to quantum mechanics,,2010,,,,,,,2026-02-18,
2010_book_fundamentos_de_circuitos_electricos,book,Fundamentos de circuitos electricos,,2010,,Charles K. Alexander,,scintillators,,,2026-01-13,
2010_thesis_determination_of_the_angular_distribution_of,thesis,Determination of the angular distribution of,,2010,,,,"atmospheric, cosmic-rays, detectors, neutrino, scintillators, space-weather",,,2026-01-29,
2011_article_cascade_showers_and_mesotron_produced_secondaries_in_lead,article,Cascade Showers and Mesotron-Produced Secondaries in Lead,,2011,,Salwa Nassar and W. E. Hazen,,"cosmic-rays, scintillators",,,2026-01-29,
2011_article_letters_to_th_e_e_d_i_tor_1413,article,LETTERS TO TH e e d i TOR 1413,,2011,,"C. S. Wu, E. Ambler, R. W. Hayward, D. D. Hoppes, and R. P. Hudson",,"atmospheric, scintillators",,,2026-01-29,
2011_article_median_filtering_algorithms_for_multichannel_detectors,article,Median filtering algorithms for multichannel detectors,Advances in Space Research,2011,10.1016/j.asr.2011.01.007,A. Hovhannisyan; A. Chilingarian,,"atmospheric, cosmic-rays, detectors, forbush, scintillators, space-weather",,,2026-01-13,
2011_article_penetrating_showers,article,Penetrating Showers,,2011,,W. B. Fretter,,"cosmic-rays, detectors, scintillators",,,2026-01-29,
2011_article_role_of_sulphuric_acid_ammonia_and_galactic_cosmic_rays_in_a,article,"Role of sulphuric acid, ammonia and galactic cosmic rays in atmospheric aerosol nucleation",Nature,2011,10.1038/nature10343,Jasper Kirkby,,"atmospheric, cosmic-rays, detectors, scintillators",,,2026-01-13,
2011_article_rpc_simulation_in_avalanche_and_streamer_modes_using_transpo,article,Rpc simulation in avalanche and streamer modes using transport equations for electrons andions,,2011,10.1016/j.nima.2010.09.133,Ahmad Moshaii,,"detectors, rpc, scintillators",,,2026-01-29,
2011_book_extensive_air_showers,book,Extensive air showers,,2011,,,,,,,2026-02-18,
2012_article_coronal_mass_ejections_observations,article,Coronal Mass Ejections: Observations,Living Reviews in Solar Physics,2012,10.12942/lrsp-2012-3,David F. Webb; Timothy A. Howard,,"atmospheric, cosmic-rays, detectors, forbush, scintillators, space-weather",,,2026-01-13,
2012_article_cosmicrayrpp,article,Cosmicrayrpp,,2012,,,,,,,2026-02-09,
2012_article_extensive_air_showers_and_ultra_high_energy_cosmic_rays_a_hi,article,Extensive Air Showers and Ultra High-Energy Cosmic Rays: A Historical Review,,2012,10.1140/epjh/e2012-30013-x,,,"atmospheric, cosmic-rays, detectors, icecube, neutrino, scintillators, space-weather",,,2026-01-29,
2012_article_introduction_to_elementary_particles_2nd_edition,article,Introduction to elementary particles (2nd edition),,2012,,David J.Griffiths,,"atmospheric, cosmic-rays, detectors, neutrino, scintillators",,,2026-01-29,
2012_article_investigation_of_crystal_surface_finish_and_geometry_on_sing,article,Investigation of crystal surface finish and geometry on single LYSO scintillator detector performance for depth of interaction measurement with silicon photomultipliers,,2012,10.1016/j.nima.2012.07.029,Chad Bircher,,"detectors, medical, scintillators",,,2026-01-29,
2012_article_analysis_of_the_space_time_microstructure_of_cosmic_ray_air,article,Analysis of the space-time microstructure of cosmic ray air showers using the HADES RPC TOF wall,,2012,,,,,,,2026-02-09,
2012_article_portable_cosmic_muon_telescope_for_environmental_application,article,Portable cosmic muon telescope for environmental applications,Nuclear Instruments and Methods in Physics Research A,2012,10.1016/j.nima.2012.06.015,Gergely Gabor Barnafoldi; Gergo Hamar; Hunor Gergely Melegh; Laszlo Olah; Gergely Suranyi; Dezso Varga,,"cosmic-rays, detectors, muography, scintillators",,,2026-01-13,
2012_thesis_analysis_of_the_one_cosmic_ray,thesis,Analysis of the one cosmic ray,,2012,,Jose Collazo,,"atmospheric, cosmic-rays, detectors, neutrino, rpc, scintillators, space-weather",,,2026-01-29,
2012_thesis_universidad_de_santiago_de_compostela,thesis,Universidad de Santiago de Compostela,,2012,,G. Kornakov,,"atmospheric, cosmic-rays, detectors, forbush, minitrasgo, neutrino, rpc, scintillators, space-weather",,,2026-01-29,
2013_article_data_and_information_activities_of_serc_kyushu_university_ja,article,"Data and information activities of serc, kyushu university, japan",,2013,,WATANABE,,"detectors, scintillators, space-weather",,,2026-01-29,
2013_article_lectures_on_quantum_mechanics,article,Lectures on quantum mechanics,,2013,,,,"neutrino, scintillators",,,2026-01-29,
2013_article_geomagnetic_effects_on_cosmic_ray_propagation_under_differen,article,"Geomagnetic Effects on Cosmic Ray Propagation Under Different Conditions for Buenos Aires and Marambio, Argentina",,2013,,sdasso,,"cosmic-rays, forbush, scintillators, space-weather",,,2026-01-29,
2013_article_observable_effects_of_interplanetary_coronal_mass_ejections,article,Observable Effects of Interplanetary Coronal Mass Ejections on Ground Level Neutron Monitor Count Rates,,2013,10.1007/s11207-013-0256-1,,,"cosmic-rays, detectors, forbush, scintillators, space-weather",,,2026-01-29,
2013_book_introduction_to_electrodynamics,book,Introduction to electrodynamics,,2013,,David J. Griffiths,,,,,,
2013_book_numericaloptimization,book,Numericaloptimization,,2013,,,,,,,2026-02-18,
2012_book_a_geometric_approach_to_differential_forms,book,A geometric approach to differential forms,,2012,,David Bachman,,,,,,2026-02-09
2013_book_iso_15930_electronic_document_file_format_for_prepress_digit,book,Iso 15930 electronic document file format for prepress digital data exchange (pdf/x),,2013,,,,scintillators,,,2026-01-29,
2013_book_modern_particle_physics,book,Modern particle physics,,2013,,Mark Thomson,,"atmospheric, neutrino, scintillators",,,2026-01-13,
2013_book_undergraduate_lecture_notes_in_physics,book,Undergraduate lecture notes in physics,,2013,10.1007/978-3-642-35963-7,Kenneth R. Lang,,"atmospheric, cosmic-rays, detectors, forbush, neutrino, scintillators, space-weather",,,2026-01-13,
2013_slides_flavio_loddo,slides,Flavio loddo,,2013,,Felici,,"detectors, rpc, scintillators",,,2026-01-29,
2013_slides_introduction_to_the_micropattern,slides,Introduction to the Micropattern,,2013,,leszek,,detectors,,,2026-01-29,
2014_article_layered_water_cherenkov_detector_for_the_study_of_ultra_high,article,Layered water cherenkov detector for the study of ultra high energy cosmic rays,,2014,10.1016/j.nima.2014.08.029,Antoine Letessier-Selvon,,"atmospheric, cosmic-rays, neutrino, scintillators",,,2026-01-29,
2014_article_methods_of_analysis_of_geomagnetic_field_variations_and_cosm,article,Methods of Analysis of Geomagnetic Field Variations and Cosmic Ray Data,,2014,,,,"atmospheric, cosmic-rays, forbush, scintillators, space-weather",,,2026-01-29,
2014_article_global_muon_detector_network_used_for_space_weather,article,Global Muon Detector Network Used for Space Weather,,2014,10.1007/s11214-014-0048-4,,,"atmospheric, cosmic-rays, forbush, scintillators, space-weather",,,2026-01-29,
2014_article_zenith_angle_sensitivity_of_a_cubical_meson_telescope,article,Zenith angle sensitivity of a cubical meson telescope,,2014,10.1063/1.1715854,,,"atmospheric, scintillators",,,2026-01-29,
2014_book_radiation_detection_and_measurement,book,Radiation detection and measurement,,2014,,,,,,,2026-02-18,
2014_book_quantum_field_theory_for_the_gifted,book,Quantum field THEory FOR THE gifted,,2014,,BLUNDELL STEPHEN J,,"neutrino, scintillators",,,2026-01-29,
2015_article_local_anisotropy_of_muon_flux_the_basis_of_the_method_of_muo,article,Local anisotropy of muon flux the basis of the method of muon diagnostics of extra terrestrial space,,2015,10.1016/j.asr.2015.05.039,I.I. Astapov,,"atmospheric, cosmic-rays, detectors, scintillators, space-weather",,,2026-01-29,
2015_article_programa_de_fi_sica,article,Programa DE física,,2015,,,,"neutrino, scintillators",,,2026-01-29,
2015_article_ram_n_bravo,article,Ramón bravo,,2015,,,,,,,2026-02-18,
2015_article_ram_n_bravo_2,article,Ramón bravo,,2015,,,,scintillators,,,2026-01-29,
2015_book_f_sica_nuclear_y_de_part_culas,book,Física nuclear y de partículas,,2015,,Antonio Ferrer Soria,,,,,2026-01-29,
2016_article_the_pierre_auger_observatory_upgrade,article,The pierre auger observatory upgrade,,2016,,,,"atmospheric, cosmic-rays, detectors, icecube, neutrino, rpc, scintillators",,,2026-01-29,
2016_article_the_temperature_effect_in_secondary_cosmic_rays_muons_observ,article,The temperATure effect IN secondary cosmic RAYS (MUONs) observed AT THE ground: analysis OF THE global MUON detector network dATa,,2016,10.3847/0004-637X/830/2/88,R. R. S. de Mendonça,,"atmospheric, cosmic-rays, forbush, icecube, scintillators, space-weather",,,2026-01-29,
2016_book_gravitation,book,Gravitation,,2016,,,,,,,2026-02-18,
2017_article_griffiths_quantum,article,Griffiths quantum,,2017,,,,,,,2026-02-18,
2017_article_kittel_introducci_n_a_la_f_sica_del_estado_s_li,article,Kittel introducci n a la f sica del estado s li,,2017,,,,,,,2026-02-18,
2017_article_analysis_of_ground_level_enhancements_gle_extreme_solar_ener,article,Analysis of ground level enhancements (gle): extreme solar energetic particle events have hard spectra,,2017,10.1016/j.asr.2016.08.043,E. Asvestari,,"atmospheric, cosmic-rays, forbush, scintillators, space-weather",,,2026-01-29,
2017_article_iso_19005_electronic_document_file_format_for_long_term_pres,article,Iso 19005 electronic document file FORmat FOR long term pres,,2017,10.1016/j.nima.2017.08.004,,,"atmospheric, cosmic-rays, detectors, medical, muography, neutrino, rpc, scintillators, space-weather",,,2026-01-29,
2017_article_tragaldabas_first_results_on_cosmic_ray_studies_and_their_re,article,"TRAGALDABAS: First Results on Cosmic Ray Studies and Their Relation With the Solar Activity, the Earth's Magnetic Field and the Atmospheric Properties",,2017,,,,"atmospheric, cosmic-rays, detectors, forbush, minitrasgo, rpc, scintillators, space-weather",,,2026-01-29,
2017_book_graduate_texts_in_physics,book,Graduate Texts in Physics,,2017,,0002624,,"atmospheric, scintillators",,,2026-01-29,
2017_book_curso_de_astronomia_abad_correcto,book,Curso de astronomia abad correcto,,2017,,,,,,,2026-02-18,
2017_slides_in_vivo_and_in_beam_monitoring_of_pet,slides,In-vivo and in-beam monitoring of PET,,2017,,,,"detectors, medical, scintillators",,,2026-01-29,
2018_article_maza_2008_f_sica_del_estado_s_lido,article,Maza 2008 f sica del estado s lido,,2018,,,,,,,2026-02-18,
2018_article_fnexp_master_guiondigital,article,Fnexp master guiondigital,,2018,,LM Fraile,,"detectors, scintillators",,,2026-01-29,
2018_article_iso_19005_electronic_document_file_format_for_long_term_pres,article,Iso 19005 electronic document file FORmat FOR long term pres,,2018,10.1016/j.nima.2018.11.010,,,"atmospheric, cosmic-rays, scintillators, space-weather",,,2026-01-29,
2018_article_the_cosmicwatch_desktop_muon_detector_a_self_contained_pocke,article,"The CosmicWatch Desktop Muon Detector: a self-contained, pocket sized particle detector",,2018,,,,detectors,,,2026-02-09,
2018_article_the_influence_of_several_atmospheric_variables_on_cosmic_ray,article,The influence of several atmospheric variables on cosmic ray muons observed by kacst detector,,2018,10.1016/j.asr.2018.08.021,A. Maghrabi,,"atmospheric, cosmic-rays, detectors, scintillators, space-weather",,,2026-01-29,
2018_article_the_sevan_worldwide_network_of_particle_detectors_10_years_o,article,The sevan worldwide network of particle detectors: 10â€¯years of operation,,2018,10.1016/j.asr.2018.02.030,A. Chilingarian,,"atmospheric, cosmic-rays, detectors, forbush, scintillators, space-weather",,,2026-01-29,
2018_book_resistive_gaseous_detectors,book,Resistive gaseous detectors,,2018,,,,"atmospheric, cosmic-rays, detectors, forbush, medical, muography, neutrino, rpc, scintillators",,,2026-01-29,
2018_slides_la_f_sica_nuclear_y_de,slides,LA física NUCLEAR y DE,,2018,,LM Fraile,,"medical, scintillators",,,2026-01-29,
2018_thesis_tesis_de_doctorado,thesis,Tesis DE doctorado,,2018,,,,"atmospheric, cosmic-rays, detectors, forbush, icecube, medical, minitrasgo, muography, neutrino, rpc, scintillators, space-weather",,,2026-01-29,
2019_article_1_29_cosmic_rays,article,1 29. Cosmic Rays,,2019,,,,"atmospheric, cosmic-rays, icecube, neutrino, scintillators, space-weather",,,2026-01-29,
2019_article_analysis_of_cosmic_rays_atmospheric_effects_and_their_relati,article,Analysis of cosmic rays' atmospheric effects and their relationships to cutoff rigidity and zenith angle using global muon detector network data,,2019,10.1029/2019JA026651,"R. R. S. Mendonça, C. Wang, C. R. Braga, E. Echer, A. Dal Lago, J. E. R. Costa, K. Munakata, H. Li, Z. Liu, J.‐P. Raulin, T. Kuwabara, M. Kozai, C. Kato, M. Rockenbach, N. J. Schuch, H. K. Al Jassar, M. M. Sharma, M. Tokumaru, M. L. Duldig, J. E. Humble, P. Evenson, I. Sabbah",,"atmospheric, cosmic-rays, detectors, forbush, scintillators, space-weather",,,2026-01-29,
2019_article_atmospheric_muons_measured_with_icecube,article,Atmospheric muons measured with icecube,,2019,10.1051/epjconf/201920808007,Soldin Dennis,,"atmospheric, cosmic-rays, detectors, icecube, neutrino, scintillators",,,2026-01-29,
2019_article_atmospheric_variations_as_observed_by_icecube,article,Atmospheric Variations as observed by IceCube,,2019,,,,,,,2026-02-09,
2019_article_recent_results_of_cosmic_ray_measurements_from,article,Recent results of cosmic ray measurements from,,2019,,,,"atmospheric, cosmic-rays, detectors, icecube, neutrino, scintillators",,,2026-01-29,
2019_article_seasonal_variation_of_atmospheric_muons_in,article,Seasonal variation of atmospheric muons in,,2019,,,,"atmospheric, cosmic-rays, detectors, icecube, neutrino, scintillators",,,2026-01-29,
2019_book_classical_dynamics_a_contemporary_approa,book,Classical dynamics a contemporary approa,,2019,,,,,,,2026-02-18,
2019_thesis_tesis_de_doctorado,thesis,Tesis DE doctorado,,2019,,,,"atmospheric, cosmic-rays, detectors, icecube, minitrasgo, neutrino, rpc, scintillators, space-weather",,,2026-01-29,
2020_article_1_curvas_no_espazo_eucl_deo_3_dimensional,article,1. curvas no espazo euclídeo 3 dimensional,,2020,,,,scintillators,,,2026-01-29,
2020_article_1_introducci_n_a_la_inferencia_estad_stica,article,1. introducción a la inferencia estadística,,2020,,,,"medical, scintillators",,,2026-01-29,
2020_article_lectures_on_quantum_theory_chris_isham,article,Lectures on quantum theory chris isham,,2020,,,,,,,2026-02-18,
2020_article_weissbluth_atoms_molecules,article,Weissbluth atoms molecules,,2020,,,,,,,2026-02-18,
2020_article_atmospheric_temperature_effect_in_secondary_cosmic_rays_obse,article,Atmospheric temperature effect in secondary cosmic rays observed with a 2 m2 ground based trpc detector,,2020,10.1029/2020EA001131,"Irma Riádigos, Damián García‐Castro, Diego González‐Díaz, Vicente Pérez‐Muñuzuri",,"atmospheric, cosmic-rays, detectors, forbush, minitrasgo, rpc, scintillators, space-weather",,,2026-01-29,
2020_article_direct_measurement_of_the_muonic_content_of_extensive_air_sh,article,Direct measurement of the muonic content of extensive air showers between and ev at the pierre auger observatory,,2020,10.1140/epjc/s10052-020-8055-y,A. Aab,,"atmospheric, cosmic-rays, detectors, icecube, scintillators",,,2026-01-29,
2020_article_the_tristan_detector_2018_2019_latitude_survey_of_cosmic_ray,article,The TRISTAN Detector - 2018-2019 Latitude Survey of Cosmic Rays,,2020,,,,detectors,,,2026-02-09,
2020_article_voxelization_based_poca_point_cloud_filtration_algorithm_for,article,Voxelization based poca point cloud filtration algorithm for image reconstruction for muon tomography,,2020,,,,,,,2026-02-09,
2020_book_lee2012_book_introductiontosmoothmanifolds,book,Lee2012 book introductiontosmoothmanifolds,,2020,,,,,,,2026-02-18,
2021_article_apuntes_de_la_asignatura,article,Apuntes de la asignatura,,2021,,,,"medical, scintillators",,,2026-01-29,
2021_article_cosmic_ray_spectrum_and_composition_from_pev_to,article,Cosmic ray spectrum and composition from pev to,,2021,,,,"atmospheric, cosmic-rays, detectors, icecube, neutrino, scintillators",,,2026-01-29,
2021_article_the_trasgo_project_present_status_and_results,article,The TRASGO Project: Present Status and Results,,2021,10.1134/S1063778821130093,,,,,,2026-02-09,
2021_article_development_of_crosshair_light_sharing_pet_detector_with_tof,article,Development of crosshair light sharing PET detector with TOF and DOI capabilities using fast LGSO scintillator,,2021,,Eiji Yoshida,,"detectors, medical, scintillators",,,2026-01-29,
2021_article_doi_estimation_through_signal_arrival_time_distribution_a_th,article,Doi estimation through signal arrival time distribution: a theoretical description including proof of concept measurements,Physics in Medicine & Biology,2021,10.1088/1361-6560/abf604,Francis Loignon-Houle,,"detectors, medical, scintillators",,,2026-01-13,
2021_article_muon_telescope_based_on_scintillation_counters,article,Muon Telescope Based on Scintillation Counters,,2021,10.1134/S0020441221040047,Input2,,"atmospheric, cosmic-rays, scintillators, space-weather",,,2026-01-29,
2021_article_iso_19005_electronic_document_file_format_for_long_term_pres,article,Iso 19005 electronic document file FORmat FOR long term pres,,2021,10.1016/j.nima.2021.165237,,,"atmospheric, detectors, scintillators",,,2026-01-29,
2021_article_meca_nica_estadi_stica,article,Mecánica estadística,,2021,,,,"medical, scintillators",,,2026-01-29,
2021_article_mu_11a_f_sica_del_estado_s_lido,article,Mu/11a física del estado sólido,,2021,,"Jesús Maza, Jesús Mosqueira, José Antonio Veira",,,,,2026-01-29,
2021_article_on_the_visualisation_of_differential_forms,article,On the visualisation of differential forms,,2021,,,,scintillators,,,2026-01-29,
2021_article_zenith_angle_dependence_of_pressure_effect_in_grapes_3_muon,article,Zenith angle dependence of pressure effect in GRAPES-3 muon telescope,,2021,,,,,,,2026-02-18,
2021_article_performance_of_the_current_and_extended_global_nm_network_fo,article,Performance of the current and extended global NM network for solar particle registration and analysis,,2021,,,,"atmospheric, cosmic-rays, scintillators, space-weather",,,2026-01-29,
2021_article_a_portable_muon_telescope_for_multidisciplinary_applications,article,A portable muon telescope for multidisciplinary applications,,2021,,,,"atmospheric, cosmic-rays, detectors, muography, rpc, scintillators",,,2026-01-29,
2021_article_variedades_diferenciables,article,Variedades diferenciables,,2021,,José Antonio Oubiña Galiñanes,,"medical, scintillators",,,2026-01-29,
2021_article_world_grid_of_cosmic_ray_vertical_cut_off_rigidity_for_the_l,article,World grid of cosmic ray vertical cut off rigidity for the last decade,,2021,10.1016/j.asr.2021.01.011,M. Gerontidou,,"atmospheric, cosmic-rays, scintillators, space-weather",,,2026-01-29,
2021_slides_i_ns_s_20_21_aug_us_t_5_t_h_t_hu_s,slides,"I NS S 20 21 , Aug us T 5 T h (T hu S. )",,2021,,,,"atmospheric, detectors, icecube, neutrino, scintillators",,,2026-01-29,
2021_thesis_a_scintillating_experiment,thesis,A scintillating experiment,,2021,,,,,,,2026-02-18,
2022_article_about_the_necessity_to_build_new_polar_neutron_monitor,article,About the necessity to build new polar neutron monitor,,2022,,,,"atmospheric, cosmic-rays, scintillators, space-weather",,,2026-01-29,
2022_article_cor_system_a_tool_to_evaluate_cosmic_ray_trajectories_in_the,article,Cor system: a tool to evaluate cosmic ray trajectories in the earthâ€™s magnetosphere,,2022,10.1016/j.asr.2022.06.001,Daniel GecÃ¡Å¡ek,,"cosmic-rays, scintillators, space-weather",,,2026-01-29,
2022_article_cosmic_ray_observations_from_livingston_island,article,Cosmic ray observations from livingston island,Advances in Space Research,2022,10.1016/j.asr.2022.02.046,Juan Jose Blanco; Juan Ignacio Garcia-Tejedor; Oscar Garcia-Poblacion; Sindulfo Ayuso; Alejandro Lopez-Comazzi; Ivan Vrublevskyy; Manuel Prieto; Anna Morozova,,"atmospheric, cosmic-rays, detectors, forbush, minitrasgo, rpc, scintillators, space-weather",,,2026-01-13,
2022_article_density_of_gev_muons_in_air_showers_measured_with_icetop,article,Density of gev muons in air showers measured with icetop,Physical Review D,2022,10.1103/PhysRevD.106.032010,IceCube Collaboration,,"atmospheric, cosmic-rays, detectors, icecube, neutrino, scintillators",,,2026-01-13,
2022_article_facultade_de_f_sica,article,Facultade de física,,2022,,,,"detectors, medical, scintillators",,,2026-01-29,
2022_article_fieldable_muon_spectrometer_using_multi_layer_pressurized_ga,article,Fieldable muon spectrometer using multi layer pressurized gas cherenkov radiators and its applications,,2022,10.1038/s41598-022-06510-2,Junghyun Bae,,"atmospheric, cosmic-rays, detectors, muography, scintillators",,,2026-01-29,
2022_article_iso_19005_electronic_document_file_format_for_long_term_pres,article,Iso 19005 electronic document file FORmat FOR long term pres,,2022,10.1016/j.nima.2022.167695,,,"cosmic-rays, detectors, scintillators, space-weather",,,2026-01-29,
2022_article_revisiting_the_limits_of_atmospheric_temperature_retrieval_f,article,Revisiting the Limits of Atmospheric Temperature Retrieval From Cosmic-Ray Measurements,,2022,10.1029/2021EA001982,,,"atmospheric, cosmic-rays, detectors, icecube, muography, neutrino, rpc, scintillators",,,2026-01-29,
2022_article_the_arti_framework_cosmic_rays_atmospheric_background_simula,article,The ARTI framework: cosmic rays atmospheric background simulations,,2022,10.1140/epjc/s10052-022-10883-z,Christian Sarmiento-Cano,,"atmospheric, cosmic-rays, detectors, forbush, muography, rpc, scintillators, space-weather",,,2026-01-29,
2022_article_traballo_fin_de_grao,article,Traballo fin de grao,,2022,,,,"medical, scintillators",,,2026-01-29,
2022_book_gaseous_detectors_handbook,book,GASEOUS DETECTORS HANDBOOK,,2022,,Fabio Sauli,,"atmospheric, cosmic-rays, detectors, medical, muography, rpc, scintillators",,,2026-01-29,
2022_thesis_international_doctoral,thesis,International doctoral,,2022,,,,"atmospheric, cosmic-rays, detectors, forbush, icecube, minitrasgo, muography, neutrino, rpc, scintillators, space-weather",,,2026-01-29,
2022_thesis_partei_a4,thesis,Partei a4,,2022,,Damián García Castro,,"atmospheric, cosmic-rays, detectors, forbush, icecube, minitrasgo, muography, neutrino, rpc, scintillators, space-weather",,,2026-01-29,
2022_thesis_tesis_de_doctorado,thesis,Tesis DE doctorado,,2022,,,,"atmospheric, cosmic-rays, detectors, forbush, icecube, minitrasgo, muography, neutrino, rpc, scintillators, space-weather",,,2026-01-29,
2023_article_1_30_cosmic_rays,article,1 30. Cosmic Rays,,2023,,,,"atmospheric, cosmic-rays, detectors, icecube, neutrino, scintillators",,,2026-01-29,
2023_article_a_cosmic_ray_muons_tomography_system_with_triangular_bar_pla,article,A cosmic ray muons tomography system with triangular bar plastic scintillator detectors and improved 3d image reconstruction algorithm: a simulation study,Nuclear Engineering and Technology,2023,10.1016/j.net.2022.10.031,Yanwei Zhao,,"cosmic-rays, detectors, muography, scintillators",,,2026-01-13,
2023_article_application_of_the_global_neutron_monitor_network_for_assess,article,Application of the global neutron monitor network for assessment of spectra and anisotropy and the related terrestrial effects of strong seps,,2023,10.1016/j.jastp.2023.106021,A.L. Mishev,,"atmospheric, cosmic-rays, forbush, scintillators, space-weather",,,2026-01-29,
2023_article_development_of_a_muon_detector_based_on_a_plastic_scintillat,article,Development of a muon detector based on a plastic scintillator and WLS fibers to be used for muon tomography system,Nuclear Engineering and Technology,2023,10.1016/j.net.2022.11.016,Chanwoo Park,,"cosmic-rays, detectors, muography, scintillators",,,2026-01-13,
2023_article_eco_friendly_resistive_plate_chambers_for_detectors_in_futur,article,Eco friendly resistive plate chambers for detectors in future HEP applications,,2023,10.1016/j.nima.2023.168757,R,,"cosmic-rays, detectors, rpc, scintillators",,,2026-01-29,
2023_article_fuente_de_calibraci_n_embarcada_en_sat_lite_para_experimento,article,Fuente de calibración embarcada en satélite para experimentos del fondo cósmico de microondas desde tierra,,2023,,Cayetano Soneira Landín,,"medical, scintillators",,,2026-01-29,
2023_article_fuente_de_calibraci_n_embarcada_en,article,Fuente de calibración embarcada en,,2023,,,,"atmospheric, detectors, scintillators",,,2026-01-29,
2023_article_laboratorio_de_f_sica_nuclear_y_de_part_culas,article,Laboratorio de física nuclear y de partículas,,2023,,,,,,,2026-02-18,
2023_article_laboratorio_de_f_sica_nuclear_y_de_part_culas_2,article,Laboratorio de física nuclear y de partículas,,2023,,ALVAREZ POL HECTOR,,"cosmic-rays, detectors, neutrino, scintillators",,,2026-01-29,
2023_article_measurements_of_cosmic_ray_mass_composition_with_the_icecube,article,Measurements of cosmic ray mass composition with the icecube neutrino observatory,,2023,10.1051/epjconf/202328302007,Plum Matthias,,"cosmic-rays, detectors, icecube, neutrino, scintillators",,,2026-01-29,
2023_article_parallelization_of_garfield_and_nebem_to_simulate_space_char,article,Parallelization of garfield++ and nebem to simulate space charge effects in rpcs,,2023,,Tanay Dey; Purba Bhattacharya; Supratik Mukhopadhyay; Nayana Majumdar; Abhishek Seal; Subhasis Chattopadhyay;,,"detectors, rpc, scintillators",,,2026-01-29,
2023_article_tomograf_a_por_emisi_n_de_positrones,article,Tomografía por emisión de positrones,,2023,,,,"medical, neutrino, scintillators",,,2026-01-29,
2023_book_cosmology,book,Cosmology,,2023,,,,"atmospheric, neutrino, scintillators",,,2026-01-29,
2023_slides_astronom_a_de_multimensajeros,slides,Astronomía de multimensajeros,,2023,,,,"atmospheric, cosmic-rays, detectors, icecube, minitrasgo, neutrino, scintillators",,,2026-01-29,
2023_slides_on_the_fly_reconstruction_of_activation_by,slides,On-the-fly reconstruction of activation by,,2023,,,,"detectors, scintillators",,,2026-01-29,
2023_slides_on_the_fly_reconstruction_of_activation_by_2,slides,On-the-fly reconstruction of activation by,,2023,,,,"detectors, scintillators",,,2026-01-29,
2024_article_international_cosmic_ray_conference_1985_paper_3_434l,article,International Cosmic Ray Conference 1985 Paper 3 434L,,2024,,,,,,,2026-01-29,
2024_article_anisotropic_forbush_decrease_of_24_march_2024_first_look,article,Anisotropic Forbush Decrease of 24 March 2024: First Look,Advances in Space Research,2024,10.1016/j.asr.2024.08.027,Alexander Mishev; Nicholas Larsen; Eleanna Asvestari; Alejandro Saiz; Margaret Ann Shea; Du Toit Strauss; David Ruffolo; Chanoknan Banglieng; Surujhdeo Seunarine; Marc L. Duldig; Agnieszka Gil; Juan Jose Blanco; Oscar Garcia-Poblacion; Pablo Cervino-Solana; James H. Adams Jr.; Ilya Usoskin,,"atmospheric, cosmic-rays, detectors, forbush, scintillators, space-weather",,,2026-01-13,
2024_article_bright_innovations_review_of_next_generation_advances_in_sci,article,Bright innovations: review of next generation advances in scintillator engineering,,2024,10.1021/acsnano.3c12381,"Pallavi Singh, Georgy Dosovitskiy, and Yehonadav Bekenstein",,"detectors, medical, neutrino, scintillators",,,2026-01-29,
2024_article_this_article_has_been_accepted_for_publication_in_ieee_trans,article,This article has been accepted for publication in IEEE Transactions on Radiation and Plasma Medical Sciences. This is the author's version which has not been fully edited and,,2024,10.1109/TRPMS.2024.3382990,,,"detectors, medical, scintillators",,,2026-01-29,
2024_article_evolution_of_the_cosmic_ray_spectrum_during_a_forbush_decrea,article,Evolution of the cosmic ray spectrum during a forbush decrease,,2024,10.1016/j.asr.2024.02.026,Juan José Blanco,,"atmospheric, cosmic-rays, detectors, forbush, scintillators, space-weather",,,2026-01-29,
2024_article_formula_omitted_formula_omitted_fast_timing_with_high_perfor,article,[formula omitted] [formula omitted] fast timing with high performance labr[formula omitted](ce) scintillators,,2024,10.1016/j.ppnp.2024.104152,J.-M. Régis,,"detectors, medical, scintillators",,,2026-01-29,
2024_article_high_rate_tests_on_resistive_plate_chambers_operated_with_ec,article,High rate tests on resistive plate chambers operated with eco friendly gas mixtures,,2024,10.1140/epjc/s10052-024-12545-8,M. Abbrescia,,"atmospheric, detectors, neutrino, rpc, scintillators",,,2026-01-29,
2024_article_image_reconstruction_algorithm_for_momentum_dependent_muon_s,article,Image reconstruction algorithm for momentum dependent muon scattering tomography,,2024,10.1016/j.net.2023.12.009,JungHyun Bae,,"atmospheric, cosmic-rays, medical, muography, scintillators",,,2026-01-29,
2024_article_development_of_a_sub_mm_particle_tracking_detector_based_on,article,Development of a sub-mm particle tracking detector based on a plastic scintillator with sipm charge sharing,,2024,,,,,,,2026-02-09,
2024_article_new_readout_system_of_the_fatima_detectors_based_on_silicon,article,New readout system of the fatima detectors based on silicon photomultipliers arrays,Nuclear Instruments and Methods in Physics Research,2024,10.1016/j.nima.2024.170001,S. Pascu,,"atmospheric, detectors, medical, scintillators",1,,2026-01-13,{
2024_article_performance_evaluation_of_novel_labr3_ce_scintillator_geomet,article,Performance Evaluation of Novel LaBr3(Ce) Scintillator Geometries for MARK Fast-Timing Applications,,2024,10.1016/j.nima.2017.03.030,,,scintillators,,,2026-01-29,
2024_article_observation_of_thunderstorm_induced_muon_events_in_grapes_3,article,Observation of thunderstorm induced muon events in grapes 3 experiment,,2024,10.1016/j.jastp.2024.106231,Pranaba K. Nayak; M. Chakraborty; S. R. Dugad; S. K. Gupta; B. Hariharan; P. Jagadeesan; A. Jain; Pravata K. Mohanty; D. Pattanaik; M. Rameez; K. Ramesh; L. V. Reddy; M. Zuberi; Y. Hayashi; S. Kawakami; H. Kojima; A. Oshima; S. Shibata; Y. Muraki; T. Nonaka,,"atmospheric, cosmic-rays, detectors, forbush, muography, scintillators, space-weather",,,2026-01-13,
2024_article_performance_of_atlas_rpc_detectors_and_l1_muon,article,Performance of atlas RPC detectors and l1 muon,,2024,,,,"atmospheric, detectors, rpc, scintillators",,,2026-01-29,
2024_article_scintillator_sipm_detector_for_tracking_and_energy_depositio,article,Scintillator sipm detector for tracking and energy deposition measurements,Nuclear Instruments and Methods in Physics Research,2024,10.1016/j.nima.2024.169955,Yoav Simhony,,"cosmic-rays, detectors, scintillators",,,2026-01-13,
2024_article_stability_studies_of_sealed_resistive_plate_chambers,article,Stability studies of sealed resistive plate chambers,Nuclear Instruments and Methods in Physics Research A,2024,10.1016/j.nima.2024.169104,A. Blanco; P. Fonte; L. Lopes; M. Pimenta,,"atmospheric, cosmic-rays, detectors, rpc, scintillators",,,2026-01-13,
2024_article_technological_developments_and_future_perspectives_in_partic,article,Technological Developments and Future Perspectives in Particle Therapy: A Topical Review,,2024,10.1109/TRPMS.2024.3372189,,,"detectors, medical, scintillators",,,2026-01-29,
2024_article_unusual_forbush_decreases_and_geomagnetic_storms_on_24_march,article,Unusual Forbush Decreases and Geomagnetic Storms on 24 March 2024 and 11 May 2024,,2024,10.3390/atmos15091033,"Helen Mavromichalaki, Maria-Christina Papailiou, Maria Livada, Maria Gerontidou, Pavlos Paschalis, Argyris Stassinakis, Maria Abunina, Nataly Shlyk, Artem Abunin, Anatoly Belov, Victor Yanke, Norma Crosby, Mark Dierckxsens and Line Drube",,"atmospheric, cosmic-rays, detectors, forbush, scintillators, space-weather",,,2026-01-29,
2024_book_the_28th_european_cosmic,book,The 28th european cosmic,,2024,,,,"atmospheric, cosmic-rays, detectors, forbush, icecube, neutrino, scintillators, space-weather",,,2026-01-29,
2024_preprint_a_simple_parameterization_of_the_cosmic_ray,preprint,A Simple Parameterization of the Cosmic-Ray,,2024,,,,,,,2026-02-09,
2024_slides_enhancing_compton_camera_imaging,slides,Enhancing compton camera imaging,,2024,,,,"detectors, scintillators",,,2026-01-29,
2024_slides_isvhecri_eas_neutrons_engel_2024_v1,slides,Isvhecri EAS neutrons engel 2024 v1,,2024,,,,"atmospheric, cosmic-rays, detectors, neutrino, scintillators",,,2026-01-29,
2024_slides_jag24_04_trasgos_atmosfera_mgalicia_ext,slides,Jag24 04 trasgos atmosfera mgalicia ext,,2024,,,,"atmospheric, cosmic-rays, forbush, icecube, minitrasgo, muography, neutrino, scintillators, space-weather",,,2026-01-29,
2024_slides_k_corsair_summary,slides,K corsair summary,,2024,,,,"cosmic-rays, minitrasgo",,,2026-01-29,
2024_slides_research_and_development_of_micro_pixel_multilayer_charge_sh,slides,Research and development of micro-pixel multilayer charge sharing micromegas detectors,,2024,,Eshita Kumar,,,,,2026-02-09,
2024_slides_timing_properties_in_resistive_plate,slides,Timing properties in resistive plate,,2024,,,,"detectors, rpc, scintillators",,,2026-01-29,
2025_article_accurate_cataloging_of_forbush_decreases_implications_for_sp,article,Accurate cataloging of forbush decreases: implications for space weather research,,2025,10.1007/s10509-025-04507-7,O. Okike,,"atmospheric, cosmic-rays, detectors, forbush, scintillators, space-weather",,,2026-01-29,
2025_article_cosmic_ray_counting_variability_from_water_cherenkov_detecto,article,Cosmic ray counting variability from water cherenkov detectors as a proxy of stratospheric conditions in antarctica,Earth and Space Science,2025,10.1029/2025EA004298,N. A. Santos; N. Gomez; S. Dasso; A. M. Gulisano; L. Rubinstein; M. Pereira; O. Areso; LAGO Collaboration,,"atmospheric, cosmic-rays, forbush, neutrino, scintillators, space-weather",,,2026-01-13,
2025_article_cosmic_ray_energy_and_composition_measurements_with_grapes_3,article,Cosmic ray energy and composition measurements with grapes 3 and other experiments,,2025,10.1140/epjs/s11734-025-01707-8,Fahim Varsi,,"cosmic-rays, icecube, neutrino, scintillators",,,2026-01-29,
2025_article_data_publication_activities_for_the_global_muon,article,Data publication activities for the global muon,,2025,,,,"atmospheric, cosmic-rays, detectors, scintillators, space-weather",,,2026-01-29,
2025_article_scaler_rates_from_the_pierre_auger_observatory_a_new_proxy_o_2,article,Scaler Rates From the Pierre Auger Observatory: A New Proxy of Solar Activity,,2025,,,,"atmospheric, cosmic-rays, detectors, forbush, scintillators, space-weather",,,2026-01-29,
2025_article_fast_calculation_of_geomagnetic_cutoff_rigidity,article,Fast calculation of geomagnetic cutoff rigidity,Advances in Space Research,2025,10.1016/j.asr.2025.11.078,Boris Yu. Yushkov,,"cosmic-rays, scintillators, space-weather",,,2026-01-13,
2025_article_high_latitude_observation_of_the_forbush_decrease_during_the,article,High latitude observation of the forbush decrease during the may 2024 solar storms with muon and neutron detectors on svalbard,Advances in Space Research,2025,10.1016/j.asr.2025.05.023,F. Riggi,,"atmospheric, cosmic-rays, detectors, forbush, rpc, scintillators, space-weather",,,2026-01-13,
2025_article_investigation_of_a_muon_burst_coincident_with_km3_230213a,article,Investigation of a Muon Burst Coincident With KM3-230213A,Astroparticle Physics,2025,10.1016/j.astropartphys.2025.103201,Francesco Nozzoli,,"atmospheric, cosmic-rays, detectors, forbush, icecube, neutrino, scintillators, space-weather",,,2026-01-13,
2025_article_lip_students_25_24,article,Lip students 25 24,,2025,,,,"neutrino, rpc, scintillators",,,2026-01-29,
2025_article_long_term_evolution_of_cosmic_ray_modulation_a_comprehensive,article,Long term evolution of cosmic ray modulation: a comprehensive analysis of solar and heliospheric influences (1964 2024),,2025,,"Rafik Sedrati,Dallel Bouchachi",,"atmospheric, cosmic-rays, detectors, forbush, scintillators, space-weather",,,2026-01-29,
2025_article_magnetopause_location_and_solar_wind_turbulence_level_during,article,Magnetopause location and solar wind turbulence level during fds and their impacts on the global electric circuit,,2025,10.1029/2025SW004453,,,"atmospheric, cosmic-rays, detectors, forbush, scintillators, space-weather",,,2026-01-29,
2025_article_monolithic_plastic_scintillator_detectors_novel_concepts_and,article,Monolithic plastic scintillator detectors: novel concepts and frontier developments,,2025,,ChatGPT Deep Research,,"cosmic-rays, detectors, medical, muography, neutrino, scintillators",,,2026-01-29,
2025_article_monolithic_scintillator_detectors_read_out_by_sipm_arrays_st,article,Monolithic scintillator detectors read out by sipm arrays state of the art,,2025,,ChatGPT Deep Research,,"cosmic-rays, detectors, muography, neutrino, scintillators",,,2026-01-29,
2025_article_monolithic_vs_segmented_scintillator_detectors_in_modern_exp,article,Monolithic vs. segmented scintillator detectors in modern experiments,,2025,,ChatGPT Deep Research,,"cosmic-rays, detectors, medical, muography, neutrino, scintillators",,,2026-01-29,
2025_article_muon_tracker_with_unsegmented_plastic_scintillator_panels,article,Muon tracker with unsegmented plastic scintillator panels,,2025,10.37714/josam.v2i4.68,Avery Cashion,,"atmospheric, cosmic-rays, detectors, muography, neutrino, scintillators",,,2026-01-29,
2025_article_performance_study_of_a_position_sensitive_plastic_scintillat,article,Performance study of a position sensitive plastic scintillator detector,,2025,,Shuaike Lv ; Changsheng Dai; Dongdong Hu ; Tiancheng Zhong; Weifeng Wu; Xinjian Wang ;,,"cosmic-rays, detectors, medical, muography, scintillators",,,2026-01-29,
2025_article_ppet_investigating_the_muon_puzzle_with_j_pet_detectors,article,PPET: investigating the muon puzzle with j PET detectors,,2025,10.3390/universe11060180,"Alessio Porcelli, Kavya Valsan Eliyan, Gabriel Moskal, Nousaba Nasrin Protiti, Diana Laura Sirghi, Ermias Yitayew Beyene, Neha Chug, Catalina Curceanu, Eryk Czerwiński, Manish Das, Marek Gorgol, Jakub Hajduga, Sharareh Jalali, Bożena Jasińska, Krzysztof Kacprzak, Tevfik Kaplanoglu, Łukasz Kapłon, Kamila Kasperska, Aleksander Khreptak, Grzegorz Korcyl, Tomasz Kozik, Deepak Kumar, Karol Kubat, Edward Lisowski, Filip Lisowski, Justyna Mędrala-Sowa, Wiktor Mryka, Simbarashe Moyo, Szymon Niedźwiecki, Szymon Parzych, Piyush Pandey, Elena Perez del Rio, Bartłomiej Rachwał, Martin Rädler, Sushil Sharma, Magdalena Skurzok, Ewa Łucja Stȩpień, Tomasz Szumlak, Pooja Tanty, Keyvan Tayefi Ardebili, Satyam Tiwari and Paweł Moskal",,"atmospheric, cosmic-rays, detectors, icecube, medical, scintillators, space-weather",,,2026-01-29,
2025_article_muonslab_a_plastic_scintillator_based_detector_for_muon_meas,article,MuonSLab: A plastic scintillator based detector for muon measurement in the deep ocean,,2025,,,,"atmospheric, cosmic-rays, detectors, icecube, neutrino, scintillators",,,2026-01-29,
2025_article_mugrid_v2_a_novel_scintillator_detector_for_multidisciplinar,article,MuGrid-v2: A Novel Scintillator Detector for Multidisciplinary Applications,,2025,10.1063/5.0273373,,,"atmospheric, cosmic-rays, detectors, icecube, medical, muography, scintillators",,,2026-01-29,
2025_article_optical_multiplexing_for_channel_reduction_in_scintillator_b,article,Optical Multiplexing for Channel Reduction in Scintillator-Based Muon Tomography System,,2025,10.1063/5.0273319,,,"atmospheric, cosmic-rays, detectors, medical, muography, rpc, scintillators",,,2026-01-29,
2025_article_design_studies_on_large_muon_trigger_detectors_using_silicon,article,Design Studies on Large Muon Trigger Detectors Using Silicon Photomultiplier Devices,,2025,10.1063/5.0288270,,,"atmospheric, detectors, muography, neutrino, scintillators",,,2026-01-29,
2025_article_rigidity_spectrum_of_cosmic_ray_anisotropy,article,Rigidity spectrum of cosmic ray anisotropy,,2025,,,,"atmospheric, cosmic-rays, forbush, scintillators, space-weather",,,2026-01-29,
2025_article_scaler_rates_from_the_pierre_auger_observatory_a_new_proxy_o,article,Scaler rates from the pierre auger observatory: a new proxy of solar activity,,2025,10.3847/1538-4357/adccc3,A. Abdul Halim,,"atmospheric, cosmic-rays, detectors, forbush, scintillators, space-weather",,,2026-01-29,
2025_article_nonmaximal_entanglement_of_photons_from_positron_electron_an,article,Nonmaximal entanglement of photons from positron-electron annihilation demonstrated using a plastic PET scanner,,2025,,,,scintillators,,,2026-01-29,
2025_article_self_triggering_approach_of_cosmic_ray_radio_emission_at_sem,article,Self-Triggering Approach of Cosmic Ray Radio Emission at Semnan University Radio Array Experiment,,2025,10.1007/s12036-025-10062-y,M. MOSTAFAVI ALHOSSEINI,,"cosmic-rays, detectors, scintillators, space-weather",,,2026-01-29,
2025_article_some_interesting_observations_of_cosmic_ray_variations_durin,article,Some interesting observations of cosmic ray variations during the extreme solar storm on 2024 may 10 11,,2025,10.3847/1538-4357/adf32c,Pranali Thakur,,"atmospheric, cosmic-rays, detectors, forbush, scintillators, space-weather",,,2026-01-29,
2025_article_spectra_and_anisotropy_during_gle_74_on_11_may,article,Spectra and anisotropy during GLE 74 on 11 may,,2025,,,,"atmospheric, cosmic-rays, detectors, forbush, scintillators, space-weather",,,2026-01-29,
2025_article_strong_enhancement_of_electromagnetic_shower_development_in,article,Strong enhancement of electromagnetic shower development in oriented scintillating crystals and implications for particle detectors,,2025,10.1140/epjc/s10052-025-14967-4,Mattia Soldani,,"detectors, scintillators",,,2026-01-29,
2025_article_the_1_june_2025_forbush_decrease_measured_over_a_rangeof_pri,article,The 1 june 2025 forbush decrease measured over a rangeof primary cosmic ray energies,,2025,10.3390/universe11100342,Roger Clay,,"atmospheric, cosmic-rays, detectors, forbush, neutrino, scintillators, space-weather",,,2026-01-29,
2025_article_thunderstorm_induced_muon_event_on_20_march_2020_insights_fr,article,"Thunderstorm induced muon event on 20 march 2020: insights from the ooty muon telescope, insat 3dr, and lightning observations",,2025,10.1103/g13s-38c8,,,"atmospheric, cosmic-rays, detectors, forbush, neutrino, scintillators, space-weather",,,2026-01-29,
2025_article_time_lag_analysis_of_the_space_weather_effects_on_muon_and_n,article,Time lag analysis of the space weather effects on muon and neutron flux at different geomagnetic cutoff rigidities,,2025,10.1016/j.asr.2025.04.032,Arfa Mubashir,,"atmospheric, cosmic-rays, detectors, forbush, scintillators, space-weather",,,2026-01-29,
2025_article_time_of_flight_detector_for_the_identification_of,article,Time of flight detector for the identification of,,2025,,,,"atmospheric, cosmic-rays, detectors, muography, neutrino, scintillators",,,2026-01-29,
2025_article_timing_rpcs_25_years,article,Timing RPCs: 25 Years,Nuclear Instruments and Methods in Physics Research,2025,10.1016/j.nima.2025.170401,Paulo Fonte,,"atmospheric, cosmic-rays, detectors, medical, muography, neutrino, rpc, scintillators",1,,2026-01-13,
2025_article_wcda_detector_of_the_lhaaso_experiment_as_a_pair_meter_to_me,article,Wcda detector of the lhaaso experiment as a pair meter to measure atmospheric muon spectrum,,2025,10.21203/rs.3.rs-6998918/v1,,,"atmospheric, cosmic-rays, detectors, icecube, neutrino, scintillators",,,2026-01-29,
2025_article_www_nature_com_scientificreports,article,Www.nature.com/scientificreports,,2025,10.1038/s41598-025-24181-7,,,"atmospheric, cosmic-rays, detectors, forbush, neutrino, scintillators, space-weather",,,2026-01-29,
2025_poster_response_of_galactic_cosmic_rays_to_solar,poster,Response of galactic cosmic rays to solar,,2025,,,,"atmospheric, cosmic-rays, detectors, forbush, scintillators, space-weather",,,2026-01-29,
2025_preprint_a_compact_two_dimensional_radiation_detector_for_educational,preprint,A compact two dimensional radiation detector for educational applications,,2025,,Chiori Matsushita; Mihiro Nukiwa; Aoi Atobe; Yuzuka Sasaki; Manami Sawai; Rikako Kono; Seyma Esen; Martin Schwinzerl; Kazuo S. Tanaka,,"cosmic-rays, detectors, muography, scintillators",,,2026-01-29,
2025_preprint_commissioning_of_proanubis_a_proof_of_concept_detector_for_t,preprint,Commissioning of proanubis: a proof of concept detector for the anubis experiment,,2025,,Giulio Aielli; Oleg Brandt; Patrick Collins; Louie Dartmoor Corpe; Jonas Dej; Oliver Kortner; Hubert Kroha; Christopher Lester; Luca Pizzimento; Ludovico Pontecorvo; Michael Revering; Aashaq Shah; Daniel Soyk; Paul Swallow; Yanglin Wan,,"atmospheric, cosmic-rays, detectors, neutrino, rpc, scintillators",,,2026-01-29,
2025_preprint_development_and_testing_of_a_modular_large_area_cosmic_ray_t,preprint,Development and testing of a modular large area cosmic ray telescope using scintillator fiber hybrid design for millimeter level muon tracking,,2025,,Yan Niu; Anqing Wang; Xiangxiang Ren; Dong Liu; Meng Wang,,"cosmic-rays, detectors, muography, scintillators",,,2026-01-29,
2025_preprint_enhancing_air_shower_observations_results_from_an_icecube_su,preprint,Enhancing air shower observations: results from an icecube surface array prototype station,,2025,,Megha Venugopal,,"atmospheric, cosmic-rays, detectors, icecube, neutrino, scintillators, space-weather",,,2026-01-29,
2025_preprint_feyncraft_a_game_of_feynman_diagrams,preprint,Feyncraft: a game of feynman diagrams,arXiv,2025,,Jonathan R. Gaunt; Adam Owen,,"neutrino, scintillators",,,2026-01-13,
2025_preprint_improving_muon_scattering_tomography_performance_with_a_muon,preprint,Improving muon scattering tomography performance with a muon momentum measurement scheme,,2025,,Pei Yu; Ziwen Pan; Jiajia Zhai; Yu Xu; Li Deng; Zhengyang He; Zhe Chen; Zechao Kang; Yuhong Yu; Xueheng Zhang; Liangwen Chen; Lei Yang; Zhiyu Sun,,"cosmic-rays, detectors, medical, muography, rpc, scintillators",,,2026-01-29,
2025_preprint_millimeter_resolution_cosmic_ray_imaging_via_projection_shif,preprint,Millimeter resolution cosmic ray imaging via projection shifted muon transmission tomography,,2025,,Zibo Qin; Rongfeng Zhang; Pei Yu; Cheng-en Liu; Liangwen Chen; Feng Zhang; Zaihong Yang; Qite Li; Qiang Li,,"cosmic-rays, detectors, muography, rpc, scintillators",,,2026-01-29,
2025_preprint_multiplexed_sipm_readout_of_plastic_scintillating_fiber_dete,preprint,Multiplexed SiPM Readout of Plastic Scintillating Fiber Detector for Muon Tomography,,2025,,Chenghan Lv; Kun Hu; Huiling Li; Hui Liang; Cong Liu; Hongbo Wang; Zibing Wu; Weiwei Xu,,"atmospheric, cosmic-rays, detectors, medical, muography, scintillators",,,2026-01-29,
2025_preprint_performance_evaluation_of_compact_plastic_scintillating_fibe,preprint,Performance evaluation of compact plastic scintillating fiber modules for muon tomography applications,,2025,,Yiyue Li; Huiling Li; Hui Liang; Cong Liu; Chenghan Lv; Hongbo Wang; Weiwei Xu,,"atmospheric, cosmic-rays, detectors, medical, muography, scintillators",,,2026-01-29,
2025_preprint_performance_reconstruction_of_eco_friendly_gas_mixtures_for,preprint,Performance reconstruction of eco friendly gas mixtures for improved resistive plate chambers at gif++ using geant4,,2025,,V. O. Ramirez-Beltran; Cecilia Uribe Estrada; Mauricio Flores Geronimo; François Lagarde,,"detectors, rpc",,,2026-01-29,
2025_preprint_science_prospects_for_the_southern_wide_field_gamma_ray_obse,preprint,Science prospects for the southern wide field gamma ray observatory: SWGO,,2025,,SWGO Collaboration; P. Abreu; R. Alfaro; A. Alfonso; M. Andrade; E. O. Angüner; E. A. Anita-Rangel; O. Aquines-Gutiérrez; C. Arcaro; R. Arceo; J. C. Arteaga-Velázquez; P. Assis; H. A. Ayala Solares; A. Bakalova; E. M. Bandeira; P. Bangale; U. Barres de Almeida; P. Batista; I. Batković; J. Bazo; E. Belmont; J. Bennemann; S. Y. BenZvi; A. Bernal; W. Bian; C. Bigongiari; E. Bottacini; R. Branada; P. Brogueira; A. M. Brown; T. Bulik; K. S. Caballero-Mora; P. Camarri; W. Cao; Z. Cao; Z. Cao; T. Capistrán; M. Cardillo; C. Casentini; C. Castromonte; P. M. Chadwick; J. Chaname; J. Chang; S. Chen; M. Chianese; A. Chiavassa; L. Chytka; R. Colallillo; R. Conceição; G. Consolati; R. Cordero; P. J. Costa; R. Covarelli; X. Cui; X. Cui; A. De Angelis; E. de Gouveia Dal Pino; R. de Menezes; P. Desiati; N. Di Lalla; F. Di Pierro; G. Di Sciascio; J. C. Díaz Vélez; C. Dib; B. Dingus; J. Djuvsland; C. Dobrigkeit; L. M. Domingues Mendes; T. Dorigo; M. Doro; A. C. dos Reis; M. Du Vernois; D. Elsaesser; K. Engel; T. Ergin; M. Errando; K. Fang; A. Fazzi; C. Feng; M. Feroci; C. N. Ferreira; N. Fraija; S. Fraija; A. Franceschini; G. F. Franco; S. Funk; R. Galleguillos; B. Gao; C. Gao; A. M. Garcia Reyes; S. Garcia; F. Garfias; G. Giacinti; L. Gibilisco; B. Giovanni; J. Glombitza; H. Goksu; G. Gong; B. S. González; M. M. Gonzalez; J. Goodman; V. M. Grieco; M. Gu; F. Guarino; G. P. Guedes; J. Gyeong; F. Haist; G. Han; P. Hansen; J. P. Harding; S. Hernandez Cadena; I. Herzog; J. A. Hinton; W. Hofmann; C. Hou; Hou C.; K. Hu; D. Huang; P. Huentemeyer; A. Iriarte; J. Isaković; A. Jardin-Blicq; L. I. Junoy; J. Juryšek; S. Kaci; B. Khelifi; D. Kieda; F. La Monaca; G. La Mura; R. G. Lang; J. S. Lapington; R. Laspiur; L. Lavitola; J. Lee; F. Leitl; M. Lemoine-Goumard; L. Lessio; T. Lewis; C. Li; J. Li; K. Li; T. Li; B. Liberti; S. Lin; R. A. Lineros; D. Liu; J. Liu; R. Liu; F. Longo; Y. Luo; J. Lv; E. Macerata; G. Magugliani; K. Malone; A. Mancilla; D. Mandat; M. Manganaro; M. Mariani; A. Mariazzi; M. Mariotti; T. Marrodan; H. Martínez-Huerta; I. Martins; S. Medina; D. Melo; L. F. Mendes; E. Meza; R. Micali; D. Miceli; S. Miozzi; P. E. Mirón Enriquez; A. Mitchell; A. Molinario; A. Montero; O. G. Morales-Olivares; A. Morselli; E. Mossini; M. Mostafá; W. Muhammad; F. Muleri; F. Nardi; A. Negro; L. Nellen; M. Nisa; V. Novotny; L. Olivera-Nieto; N. Omodei; E. Orlando; S. Ortolani; M. Osorio-Archila; T. Ota; L. Otiniano; L. Palacios; A. Paoloni; I. M. Pepe; R. Perca; M. Peresano; Y. Pérez Araujo; T. Petrosillo; G. Piano; D. Piccolo; A. Pichel; M. Pimenta; M. Pirke; A. Porcelli; T. Porter; E. Prandini; A. Pratts; R. Pretsch; A. Qi; J. Qin; S. Rainò; L. Recabarren; A. Reisenegger; Q. Remy; H. X. Ren; F. Rescic; B. Reville; M. Reyes; C. D. Rho; M. Riquelme; J. I. Rivadeneira; G. Rodriguez Fernandez; B. Rossi; A. C. Rovero; A. Ruina; G. Salazar; C. Salotto; F. Sanchez; A. Sandoval; F. Sansone; M. Santander; R. Santonico; G. L. P. Santos; A. Santos-Guevara; D. Sartirana; N. Saviano; M. Schneider; M. Schneider; H. Schoorlemmer; F. Schussler; H. Schutte; J. Serna-Franco; M. Shoaib; A. Smith; A. J. Smith; Y. Son; O. Soto; R. W. Springer; J. Stewart; L. A. Stuani; H. Sun; M. Tambone; R. Tang; Z. Tang; S. Tapia; M. Tavani; R. Terrier; T. Terzić; K. Tollefson; B. Tomé; I. Torres; R. Torres-Escobedo; G. C. Trinchero; R. Turner; P. Ulloa; L. Valore; C. van Eldik; J. Vega; I. D. Vergara Quispe; A. Viana; J. Vícha; C. F. Vigorito; V. Vittorini; B. Wang; L. Wang; X. Wang; X. Wang; X. Wang; Z. Wang; Z. Wang; M. Waqas; I. J. Watson; F. Werner; R. White; C. Wiebusch; F. Wohlleben; S. Xi; G. Xiao; H. Xiao; H. Xiao; L. Yang; R. Yang; Z. Yang; Z. Yang; R. Yanyachi; Z. Yao; D. Zavrtanik; H. Zhang; H. Zhang; J. Zhang; J. Zhang; S. Zhang; S. Zhang; X. Zhang; Y. Zhang; Y. Zhang; Y. Zhang; J. Zhao; L. Zhao; H. Zhou; C. Zhu; H. Zhu; H. Zhu; P. Zhu; X. Zuo; P. Zyla,,"atmospheric, cosmic-rays, detectors, icecube, neutrino, scintillators, space-weather",,,2026-01-29,
2025_preprint_updated_earth_tomography_using_atmospheric_neutrinos_at_icec,preprint,Updated earth tomography using atmospheric neutrinos at icecube,,2025,,Alex Wen,,"atmospheric, cosmic-rays, icecube, neutrino, scintillators",,,2026-01-29,
2025_preprint_using_cosmic_rays_to_predict_the_weather_meteorological_data,preprint,Using cosmic rays to predict the weather: meteorological data assimilation of atmospheric muon flux data,,2025,,William Luszczak; Man-Yau Chan,,"atmospheric, cosmic-rays, detectors, icecube, muography, neutrino, scintillators",,,2026-01-29,
2025_slides_site_specific_incoming_correction_based_on_muons_a_compariso,slides,Site-specific incoming correction based on muons: a comparison with cosmic neutrons measurements at jung and oulu,,2025,,Carlotta,,,,,2026-02-09,
2025_thesis_analysing_the_impact_of_detector,thesis,Analysing the impact of detector,,2025,,,,"cosmic-rays, detectors, medical, neutrino, scintillators",,,2026-01-29,
2026_article_empirical_evidence_of_spurious_correlations_among_space_weat,article,Empirical Evidence of Spurious Correlations Among Space Weather Variables,,2026,10.5194/egusphere-2025-6494,,,,,,2026-02-09,
2026_article_on_the_variability_of_the_barometric_effect_and_its_relation,article,On the variability of the barometric effect and its relation to cosmic ray neutron sensing,,2026,10.3390/s26030925,"Patrick Davies, Roland Baatz, Paul Schattan, Emmanuel Quansah, Leonard Kofitse Amekudzi and Heye Reemt Bogena",,,,,2026-02-09,
2026_article_the_impact_of_time_dilation_on_ground_level_muons_experiment,article,The Impact of Time Dilation on Ground Level Muons: Experimental and Analytical Analysis,,2026,10.1145/3778534.3778673,,,,,,2026-02-09,
2026_article_study_of_electrode_property_of_resistive_plate_chamber,article,Study of electrode property of Resistive Plate Chamber,,2026,,,,,,,2026-02-09,
2026_article_analysis_of_solar_activities_on_cosmic_muon_flux_using_a_por,article,Analysis of Solar Activities on Cosmic Muon Flux Using a Portable Muon Telescope in Agra,,2026,,,,,,,2026-02-09,
2026_article_recent_research_progress_on_cosmic_ray_muon_imaging_technolo,article,Recent research progress on cosmic ray muon imaging technology,,2026,10.1016/j.net.2025.104091,Gangling Hou,,"atmospheric, cosmic-rays, medical, muography, neutrino, rpc, scintillators, space-weather",,,2026-01-29,
2026_article_feasibility_study_of_a_novel_level_meter_using_cosmic_ray_mu,article,Feasibility Study of a Novel Level Meter Using Cosmic-Ray Muons,,2026,10.1063/5.0272871,,,"atmospheric, cosmic-rays, detectors, muography, scintillators",,,2026-01-29,
2026_article_simulation_based_analysis_of_temperature_and_barometric_effe,article,Simulation based analysis of temperature and barometric effects on cosmic muon flux with corsika,,2026,10.1016/j.asr.2026.01.091,Mihailo Savić,,,,,2026-02-09,
2026_thesis_atmospheric_muon_flux_study_with_gem_detectors,thesis,Atmospheric muon flux study with GEM detectors,,2026,,Author,,,,,2026-02-09,
2026_preprint_ground_level_enhancement_gle_77_in_the_gamma_ray_component_f,preprint,Ground level enhancement (gle#77) in the gamma ray component: first observation from arctic and antarctic stations,,2026,,Pranali Thakur; Geeta Vichare; Selvaraj Chelliah,,,,,2026-02-09,
2026_article_scintillation_muon_telescope_module_with_fiber_optic_light_c,article,Scintillation muon telescope module with fiber optic light collection,,2026,,S. M. Belov; V. G. Yanke,,,,,2026-02-18,
2026_preprint_monitoring_the_upper_atmospheric_temperature_and_interplanet,preprint,Monitoring the upper atmospheric temperature and interplanetary magnetic field with the grapes 3 muon telescope,,2026,,S. Paul; K. P. Arunbabu; M. Chakraborty; S. K. Gupta; B. Hariharan; Y. Hayashi; P. Jagadeesan; A. Jain; M. Karthik; H. Kojima; S. Kawakami; P. K. Mohanty; Y. Muraki; P. K. Nayak; T. Nonaka; A. Oshima; M. Rameez; K. Ramesh; S. Shibata; K. Tanaka,,atmospheric,,,2026-02-18,
2026_article_thunderstorm_induced_variations_in_ground_level_cosmic_muon,article,Thunderstorm induced variations in ground level cosmic muon measurements: state of the art review of ground based observations (as of february 2026),,2026,,,,,,,2026-02-18,
